term,index_vs_nightmare_meaning,geography,search_type,period,analysis_date
lucid dreaming,258,United States,Web Search,Past 5 years,2026-07-30
dream about ex,168,United States,Web Search,Past 5 years,2026-07-30
nightmare meaning,100,United States,Web Search,Past 5 years,2026-07-30
falling dream meaning,98,United States,Web Search,Past 5 years,2026-07-30
house dream meaning,85,United States,Web Search,Past 5 years,2026-07-30
snake dream meaning,85,United States,Web Search,Past 5 years,2026-07-30
water dream meaning,70,United States,Web Search,Past 5 years,2026-07-30
dream journal,65,United States,Web Search,Past 5 years,2026-07-30
recurring dreams,53,United States,Web Search,Past 5 years,2026-07-30
teeth falling out dream meaning,50,United States,Web Search,Past 5 years,2026-07-30
death dream meaning,30,United States,Web Search,Past 5 years,2026-07-30
how to remember dreams,23,United States,Web Search,Past 5 years,2026-07-30
flying dream meaning,19,United States,Web Search,Past 5 years,2026-07-30
pregnancy dream meaning,15,United States,Web Search,Past 5 years,2026-07-30
being chased dream meaning,9,United States,Web Search,Past 5 years,2026-07-30
